sex,year,country,SUM of suicides_no
female,2001,Albania,35
female,2001,Antigua and Barbuda,0
female,2001,Argentina,676
female,2001,Armenia,12
female,2001,Aruba,0
female,2001,Australia,522
female,2001,Austria,408
female,2001,Azerbaijan,81
female,2001,Bahamas,0
female,2001,Bahrain,3
female,2001,Barbados,0
female,2001,Belarus,490
female,2001,Belgium,583
female,2001,Belize,2
female,2001,Brazil,1557
female,2001,Bulgaria,363
female,2001,Canada,823
female,2001,Chile,233
female,2001,Colombia,557
female,2001,Costa Rica,28
female,2001,Croatia,225
female,2001,Cuba,449
female,2001,Czech Republic,329
female,2001,Denmark,220
female,2001,Ecuador,185
female,2001,El Salvador,152
female,2001,Estonia,86
female,2001,Fiji,8
female,2001,Finland,271
female,2001,France,2789
female,2001,Georgia,27
female,2001,Germany,2971
female,2001,Greece,48
female,2001,Grenada,0
female,2001,Guatemala,52
female,2001,Guyana,43
female,2001,Hungary,696
female,2001,Iceland,8
female,2001,Ireland,79
female,2001,Israel,75
female,2001,Italy,980
female,2001,Jamaica,1
female,2001,Japan,8264
female,2001,Kazakhstan,658
female,2001,Kiribati,0
female,2001,Kuwait,5
female,2001,Kyrgyzstan,77
female,2001,Latvia,137
female,2001,Lithuania,278
female,2001,Luxembourg,23
female,2001,Maldives,1
female,2001,Malta,7
female,2001,Mauritius,37
female,2001,Mexico,672
female,2001,Montenegro,0
female,2001,Netherlands,464
female,2001,New Zealand,119
female,2001,Norway,138
female,2001,Panama,23
female,2001,Paraguay,54
female,2001,Philippines,277
female,2001,Poland,850
female,2001,Portugal,175
female,2001,Puerto Rico,34
female,2001,Qatar,5
female,2001,Republic of Korea,2059
female,2001,Romania,442
female,2001,Russian Federation,9006
female,2001,Saint Lucia,0
female,2001,Saint Vincent and Grenadines,1
female,2001,Serbia,417
female,2001,Seychelles,1
female,2001,Singapore,115
female,2001,Slovakia,112
female,2001,Slovenia,122
female,2001,South Africa,72
female,2001,Spain,759
female,2001,Sri Lanka,1008
female,2001,Suriname,16
female,2001,Sweden,364
female,2001,Switzerland,393
female,2001,Trinidad and Tobago,38
female,2001,Turkmenistan,78
female,2001,Ukraine,2192
female,2001,United Kingdom,929
female,2001,United States,5949
female,2001,Uruguay,109
female,2001,Uzbekistan,452
female,2002,Albania,42
female,2002,Antigua and Barbuda,0
female,2002,Argentina,703
female,2002,Armenia,12
female,2002,Aruba,0
female,2002,Australia,506
female,2002,Austria,363
female,2002,Azerbaijan,19
female,2002,Bahamas,0
female,2002,Bahrain,7
female,2002,Barbados,0
female,2002,Belarus,511
female,2002,Belgium,579
female,2002,Belize,5
female,2002,Brazil,1694
female,2002,Bulgaria,336
female,2002,Canada,799
female,2002,Chile,246
female,2002,Colombia,564
female,2002,Costa Rica,39
female,2002,Croatia,230
female,2002,Cuba,459
female,2002,Czech Republic,318
female,2002,Denmark,185
female,2002,Ecuador,180
female,2002,El Salvador,132
female,2002,Estonia,72
female,2002,Fiji,16
female,2002,Finland,271
female,2002,France,2915
female,2002,Germany,3059
female,2002,Greece,66
female,2002,Grenada,0
female,2002,Guatemala,64
female,2002,Guyana,34
female,2002,Hungary,647
female,2002,Iceland,10
female,2002,Ireland,81
female,2002,Israel,91
female,2002,Italy,924
female,2002,Jamaica,0
female,2002,Japan,8248
female,2002,Kazakhstan,678
female,2002,Kuwait,11
female,2002,Kyrgyzstan,100
female,2002,Latvia,149
female,2002,Lithuania,242
female,2002,Luxembourg,22
female,2002,Maldives,1
female,2002,Malta,8
female,2002,Mauritius,29
female,2002,Mexico,656
female,2002,Montenegro,0
female,2002,Netherlands,507
female,2002,New Zealand,113
female,2002,Norway,132
female,2002,Panama,30
female,2002,Paraguay,66
female,2002,Philippines,302
female,2002,Poland,992
female,2002,Portugal,263
female,2002,Puerto Rico,37
female,2002,Republic of Korea,2672
female,2002,Romania,528
female,2002,Russian Federation,9057
female,2002,Saint Lucia,4
female,2002,Saint Vincent and Grenadines,1
female,2002,Serbia,395
female,2002,Seychelles,0
female,2002,Singapore,129
female,2002,Slovakia,100
female,2002,Slovenia,107
female,2002,South Africa,47
female,2002,Spain,817
female,2002,Sri Lanka,917
female,2002,Suriname,21
female,2002,Sweden,318
female,2002,Switzerland,466
female,2002,Thailand,1190
female,2002,Trinidad and Tobago,27
female,2002,Turkmenistan,80
female,2002,Ukraine,2169
female,2002,United Kingdom,953
female,2002,United States,6246
female,2002,Uruguay,141
female,2002,Uzbekistan,399
female,2003,Albania,51
female,2003,Antigua and Barbuda,0
female,2003,Argentina,684
female,2003,Armenia,9
female,2003,Aruba,0
female,2003,Australia,471
female,2003,Austria,388
female,2003,Azerbaijan,36
female,2003,Bahamas,0
female,2003,Bahrain,5
female,2003,Barbados,0
female,2003,Belarus,540
female,2003,Belgium,554
female,2003,Belize,4
female,2003,Brazil,1605
female,2003,Bulgaria,292
female,2003,Canada,862
female,2003,Chile,252
female,2003,Colombia,577
female,2003,Costa Rica,53
female,2003,Croatia,193
female,2003,Cuba,373
female,2003,Czech Republic,354
female,2003,Denmark,153
female,2003,Ecuador,222
female,2003,El Salvador,139
female,2003,Estonia,66
female,2003,Fiji,4
female,2003,Finland,260
female,2003,France,2833
female,2003,Germany,2973
female,2003,Greece,69
female,2003,Grenada,0
female,2003,Guatemala,53
female,2003,Guyana,45
female,2003,Hungary,640
female,2003,Iceland,6
female,2003,Ireland,96
female,2003,Israel,72
female,2003,Italy,997
female,2003,Jamaica,1
female,2003,Japan,8691
female,2003,Kazakhstan,688
female,2003,Kuwait,14
female,2003,Kyrgyzstan,82
female,2003,Latvia,122
female,2003,Lithuania,256
female,2003,Luxembourg,8
female,2003,Maldives,1
female,2003,Malta,3
female,2003,Mauritius,24
female,2003,Mexico,694
female,2003,Montenegro,0
female,2003,Netherlands,484
female,2003,New Zealand,141
female,2003,Norway,128
female,2003,Panama,21
female,2003,Paraguay,45
female,2003,Philippines,402
female,2003,Poland,888
female,2003,Portugal,267
female,2003,Puerto Rico,22
female,2003,Republic of Korea,3384
female,2003,Romania,508
female,2003,Russian Federation,8450
female,2003,Saint Lucia,4
female,2003,Saint Vincent and Grenadines,0
female,2003,Serbia,381
female,2003,Seychelles,2
female,2003,Singapore,119
female,2003,Slovakia,105
female,2003,Slovenia,122
female,2003,South Africa,63
female,2003,Spain,828
female,2003,Sri Lanka,934
female,2003,Suriname,19
female,2003,Sweden,336
female,2003,Switzerland,421
female,2003,Thailand,1059
female,2003,Trinidad and Tobago,35
female,2003,Turkmenistan,82
female,2003,Ukraine,2150
female,2003,United Kingdom,929
female,2003,United States,6281
female,2003,Uruguay,123
female,2003,Uzbekistan,379
female,2004,Albania,57
female,2004,Antigua and Barbuda,0
female,2004,Argentina,654
female,2004,Aruba,1
female,2004,Australia,442
female,2004,Austria,346
female,2004,Azerbaijan,30
female,2004,Bahamas,0
female,2004,Bahrain,7
female,2004,Barbados,0
female,2004,Belgium,537
female,2004,Belize,1
female,2004,Brazil,1703
female,2004,Bulgaria,267
female,2004,Canada,879
female,2004,Chile,263
female,2004,Colombia,501
female,2004,Costa Rica,44
female,2004,Croatia,226
female,2004,Cuba,371
female,2004,Cyprus,2
female,2004,Czech Republic,297
female,2004,Denmark,192
female,2004,Ecuador,236
female,2004,El Salvador,115
female,2004,Estonia,59
female,2004,Fiji,8
female,2004,Finland,252
female,2004,France,2949
female,2004,Georgia,28
female,2004,Germany,2795
female,2004,Greece,68
female,2004,Grenada,0
female,2004,Guatemala,66
female,2004,Guyana,48
female,2004,Hungary,655
female,2004,Iceland,9
female,2004,Ireland,74
female,2004,Israel,91
female,2004,Italy,940
female,2004,Jamaica,0
female,2004,Japan,8270
female,2004,Kazakhstan,692
female,2004,Kuwait,17
female,2004,Kyrgyzstan,75
female,2004,Latvia,106
female,2004,Lithuania,256
female,2004,Luxembourg,17
female,2004,Maldives,1
female,2004,Malta,10
female,2004,Mauritius,22
female,2004,Mexico,675
female,2004,Montenegro,0
female,2004,Netherlands,492
female,2004,New Zealand,113
female,2004,Norway,170
female,2004,Panama,34
female,2004,Paraguay,77
female,2004,Poland,910
female,2004,Puerto Rico,23
female,2004,Qatar,1
female,2004,Republic of Korea,3613
female,2004,Romania,444
female,2004,Russian Federation,8202
female,2004,Saint Lucia,0
female,2004,Saint Vincent and Grenadines,0
female,2004,Serbia,367
female,2004,Seychelles,0
female,2004,Singapore,130
female,2004,Slovakia,112
female,2004,Slovenia,142
female,2004,South Africa,89
female,2004,Spain,857
female,2004,Suriname,18
female,2004,Sweden,321
female,2004,Switzerland,427
female,2004,Thailand,1043
female,2004,Trinidad and Tobago,25
female,2004,Turkmenistan,93
female,2004,Ukraine,1865
female,2004,United Kingdom,1021
female,2004,United States,6873
female,2004,Uruguay,108
female,2004,Uzbekistan,308
female,2005,Albania,0
female,2005,Antigua and Barbuda,0
female,2005,Argentina,664
female,2005,Aruba,5
female,2005,Austria,350
female,2005,Bahamas,1
female,2005,Bahrain,7
female,2005,Barbados,0
female,2005,Belgium,552
female,2005,Belize,1
female,2005,Brazil,1804
female,2005,Bulgaria,255
female,2005,Canada,886
female,2005,Chile,279
female,2005,Colombia,465
female,2005,Costa Rica,41
female,2005,Croatia,223
female,2005,Cuba,351
female,2005,Cyprus,5
female,2005,Czech Republic,292
female,2005,Denmark,174
female,2005,Ecuador,260
female,2005,El Salvador,118
female,2005,Estonia,53
female,2005,Fiji,6
female,2005,Finland,270
female,2005,France,2884
female,2005,Georgia,18
female,2005,Germany,2739
female,2005,Greece,79
female,2005,Grenada,1
female,2005,Guatemala,61
female,2005,Guyana,42
female,2005,Hungary,593
female,2005,Iceland,9
female,2005,Ireland,88
female,2005,Israel,121
female,2005,Italy,939
female,2005,Jamaica,8
female,2005,Japan,8299
female,2005,Kazakhstan,634
female,2005,Kuwait,11
female,2005,Kyrgyzstan,84
female,2005,Latvia,119
female,2005,Lithuania,235
female,2005,Luxembourg,10
female,2005,Maldives,0
female,2005,Malta,3
female,2005,Mauritius,23
female,2005,Mexico,730
female,2005,Montenegro,36
female,2005,Netherlands,500
female,2005,New Zealand,132
female,2005,Norway,173
female,2005,Panama,24
female,2005,Paraguay,84
female,2005,Poland,907
female,2005,Puerto Rico,41
female,2005,Qatar,1
female,2005,Republic of Korea,3985
female,2005,Romania,470
female,2005,Russian Federation,7464
female,2005,Saint Lucia,0
female,2005,Saint Vincent and Grenadines,1
female,2005,San Marino,0
female,2005,Serbia,431
female,2005,Seychelles,1
female,2005,Singapore,119
female,2005,Slovakia,95
female,2005,Slovenia,112
female,2005,South Africa,101
female,2005,Spain,829
female,2005,Suriname,12
female,2005,Sweden,384
female,2005,Switzerland,400
female,2005,Thailand,907
female,2005,Trinidad and Tobago,26
female,2005,Turkmenistan,94
female,2005,Ukraine,1761
female,2005,United Arab Emirates,16
female,2005,United Kingdom,993
female,2005,United States,6729
female,2005,Uruguay,115
female,2005,Uzbekistan,300
female,2006,Albania,0
female,2006,Antigua and Barbuda,0
female,2006,Argentina,612
female,2006,Armenia,17
female,2006,Aruba,2
female,2006,Australia,494
female,2006,Austria,297
female,2006,Bahamas,0
female,2006,Bahrain,11
female,2006,Barbados,0
female,2006,Belgium,540
female,2006,Belize,2
female,2006,Brazil,1801
female,2006,Bulgaria,225
female,2006,Canada,817
female,2006,Chile,297
female,2006,Colombia,460
female,2006,Costa Rica,55
female,2006,Croatia,223
female,2006,Cuba,273
female,2006,Cyprus,7
female,2006,Czech Republic,258
female,2006,Denmark,178
female,2006,Ecuador,298
female,2006,El Salvador,118
female,2006,Estonia,56
female,2006,Fiji,9
female,2006,Finland,259
female,2006,France,2830
female,2006,Georgia,13
female,2006,Germany,2544
female,2006,Greece,68
female,2006,Grenada,0
female,2006,Guatemala,71
female,2006,Guyana,50
female,2006,Hungary,600
female,2006,Iceland,10
female,2006,Ireland,80
female,2006,Israel,88
female,2006,Italy,859
female,2006,Jamaica,0
female,2006,Japan,8486
female,2006,Kazakhstan,675
female,2006,Kuwait,11
female,2006,Kyrgyzstan,97
female,2006,Latvia,80
female,2006,Lithuania,196
female,2006,Luxembourg,18
female,2006,Malta,5
female,2006,Mauritius,29
female,2006,Mexico,709
female,2006,Montenegro,0
female,2006,Netherlands,479
female,2006,New Zealand,139
female,2006,Norway,141
female,2006,Panama,13
female,2006,Paraguay,69
female,2006,Philippines,402
female,2006,Poland,858
female,2006,Puerto Rico,22
female,2006,Qatar,5
female,2006,Republic of Korea,3426
female,2006,Romania,481
female,2006,Russian Federation,7227
female,2006,Saint Lucia,0
female,2006,Saint Vincent and Grenadines,1
female,2006,Serbia,422
female,2006,Seychelles,0
female,2006,Singapore,141
female,2006,Slovakia,0
female,2006,Slovenia,114
female,2006,South Africa,97
female,2006,Spain,735
female,2006,Sri Lanka,898
female,2006,Suriname,28
female,2006,Sweden,380
female,2006,Switzerland,446
female,2006,Thailand,756
female,2006,Trinidad and Tobago,26
female,2006,Turkmenistan,114
female,2006,Ukraine,1713
female,2006,United Arab Emirates,14
female,2006,United Kingdom,936
female,2006,United States,6992
female,2006,Uruguay,136
female,2007,Albania,47
female,2007,Antigua and Barbuda,0
female,2007,Argentina,600
female,2007,Armenia,20
female,2007,Aruba,1
female,2007,Australia,530
female,2007,Austria,317
female,2007,Azerbaijan,14
female,2007,Bahamas,1
female,2007,Bahrain,6
female,2007,Barbados,0
female,2007,Belarus,456
female,2007,Belgium,537
female,2007,Belize,2
female,2007,Brazil,1871
female,2007,Bulgaria,239
female,2007,Canada,884
female,2007,Chile,352
female,2007,Colombia,454
female,2007,Costa Rica,44
female,2007,Croatia,198
female,2007,Cuba,266
female,2007,Cyprus,4
female,2007,Czech Republic,230
female,2007,Denmark,180
female,2007,Ecuador,274
female,2007,El Salvador,112
female,2007,Estonia,46
female,2007,Fiji,3
female,2007,Finland,244
female,2007,France,2708
female,2007,Georgia,20
female,2007,Germany,2397
female,2007,Greece,60
female,2007,Grenada,1
female,2007,Guatemala,64
female,2007,Guyana,42
female,2007,Hungary,571
female,2007,Iceland,7
female,2007,Ireland,96
female,2007,Israel,63
female,2007,Italy,864
female,2007,Japan,8798
female,2007,Kazakhstan,721
female,2007,Kuwait,14
female,2007,Kyrgyzstan,116
female,2007,Latvia,95
female,2007,Lithuania,177
female,2007,Luxembourg,25
female,2007,Maldives,2
female,2007,Malta,1
female,2007,Mauritius,30
female,2007,Mexico,762
female,2007,Montenegro,32
female,2007,Netherlands,410
female,2007,New Zealand,118
female,2007,Norway,149
female,2007,Panama,21
female,2007,Paraguay,68
female,2007,Philippines,406
female,2007,Poland,812
female,2007,Portugal,269
female,2007,Puerto Rico,43
female,2007,Qatar,4
female,2007,Republic of Korea,4427
female,2007,Romania,446
female,2007,Russian Federation,7341
female,2007,Saint Vincent and Grenadines,0
female,2007,Serbia,385
female,2007,Seychelles,1
female,2007,Singapore,131
female,2007,Slovakia,0
female,2007,Slovenia,99
female,2007,South Africa,104
female,2007,Spain,801
female,2007,Suriname,32
female,2007,Sweden,325
female,2007,Switzerland,440
female,2007,Thailand,811
female,2007,Trinidad and Tobago,20
female,2007,Turkmenistan,85
female,2007,Ukraine,1629
female,2007,United Arab Emirates,13
female,2007,United Kingdom,872
female,2007,United States,7329
female,2007,Uruguay,135
female,2008,Albania,61
female,2008,Antigua and Barbuda,0
female,2008,Argentina,611
female,2008,Armenia,19
female,2008,Aruba,1
female,2008,Australia,508
female,2008,Austria,304
female,2008,Bahamas,0
female,2008,Bahrain,8
female,2008,Barbados,1
female,2008,Belarus,471
female,2008,Belgium,547
female,2008,Belize,1
female,2008,Brazil,1918
female,2008,Bulgaria,245
female,2008,Canada,928
female,2008,Chile,414
female,2008,Colombia,448
female,2008,Costa Rica,34
female,2008,Croatia,184
female,2008,Cuba,310
female,2008,Cyprus,10
female,2008,Czech Republic,256
female,2008,Denmark,185
female,2008,Ecuador,255
female,2008,El Salvador,116
female,2008,Estonia,53
female,2008,Fiji,12
female,2008,Finland,232
female,2008,France,2734
female,2008,Germany,2414
female,2008,Greece,65
female,2008,Grenada,0
female,2008,Guatemala,121
female,2008,Guyana,44
female,2008,Hungary,566
female,2008,Iceland,11
female,2008,Ireland,120
female,2008,Israel,60
female,2008,Italy,907
female,2008,Japan,8668
female,2008,Kazakhstan,767
female,2008,Kuwait,14
female,2008,Kyrgyzstan,94
female,2008,Latvia,100
female,2008,Lithuania,193
female,2008,Luxembourg,8
female,2008,Maldives,0
female,2008,Malta,2
female,2008,Mauritius,12
female,2008,Mexico,860
female,2008,Montenegro,46
female,2008,Netherlands,448
female,2008,New Zealand,139
female,2008,Norway,158
female,2008,Panama,32
female,2008,Paraguay,62
female,2008,Philippines,409
female,2008,Poland,812
female,2008,Portugal,244
female,2008,Puerto Rico,47
female,2008,Qatar,2
female,2008,Republic of Korea,4598
female,2008,Romania,446
female,2008,Russian Federation,6925
female,2008,Saint Lucia,0
female,2008,Saint Vincent and Grenadines,1
female,2008,Serbia,386
female,2008,Seychelles,0
female,2008,Singapore,112
female,2008,Slovakia,83
female,2008,Slovenia,84
female,2008,South Africa,95
female,2008,Spain,781
female,2008,Suriname,34
female,2008,Sweden,315
female,2008,Switzerland,453
female,2008,Thailand,872
female,2008,Trinidad and Tobago,36
female,2008,Turkmenistan,114
female,2008,Ukraine,1675
female,2008,United Arab Emirates,18
female,2008,United Kingdom,959
female,2008,United States,7583
female,2008,Uruguay,112
female,2009,Albania,0
female,2009,Antigua and Barbuda,0
female,2009,Argentina,584
female,2009,Armenia,10
female,2009,Aruba,0
female,2009,Australia,552
female,2009,Austria,306
female,2009,Bahamas,1
female,2009,Bahrain,6
female,2009,Barbados,0
female,2009,Belarus,505
female,2009,Belgium,554
female,2009,Belize,4
female,2009,Brazil,1873
female,2009,Bulgaria,206
female,2009,Canada,901
female,2009,Chile,424
female,2009,Colombia,447
female,2009,Costa Rica,42
female,2009,Croatia,172
female,2009,Cuba,336
female,2009,Cyprus,7
female,2009,Czech Republic,234
female,2009,Denmark,145
female,2009,Ecuador,245
female,2009,El Salvador,113
female,2009,Estonia,49
female,2009,Fiji,7
female,2009,Finland,273
female,2009,France,2734
female,2009,Georgia,39
female,2009,Germany,2373
female,2009,Greece,58
female,2009,Grenada,0
female,2009,Guatemala,145
female,2009,Guyana,47
female,2009,Hungary,559
female,2009,Iceland,7
female,2009,Ireland,105
female,2009,Israel,94
female,2009,Italy,881
female,2009,Jamaica,3
female,2009,Japan,8508
female,2009,Kazakhstan,718
female,2009,Kuwait,21
female,2009,Kyrgyzstan,96
female,2009,Latvia,100
female,2009,Lithuania,186
female,2009,Luxembourg,12
female,2009,Malta,3
female,2009,Mauritius,23
female,2009,Mexico,966
female,2009,Montenegro,30
female,2009,Netherlands,462
female,2009,New Zealand,118
female,2009,Norway,157
female,2009,Oman,0
female,2009,Panama,28
female,2009,Paraguay,70
female,2009,Philippines,525
female,2009,Poland,946
female,2009,Portugal,222
female,2009,Puerto Rico,29
female,2009,Qatar,3
female,2009,Republic of Korea,5475
female,2009,Romania,389
female,2009,Russian Federation,6485
female,2009,Saint Lucia,0
female,2009,Saint Vincent and Grenadines,0
female,2009,Serbia,376
female,2009,Seychelles,0
female,2009,Singapore,114
female,2009,Slovakia,58
female,2009,Slovenia,97
female,2009,South Africa,92
female,2009,Spain,763
female,2009,Suriname,32
female,2009,Sweden,354
female,2009,Switzerland,278
female,2009,Thailand,861
female,2009,Trinidad and Tobago,21
female,2009,Turkey,249
female,2009,Turkmenistan,40
female,2009,Ukraine,1724
female,2009,United Arab Emirates,15
female,2009,United Kingdom,933
female,2009,United States,7821
female,2009,Uruguay,103
female,2009,Uzbekistan,376
female,2010,Albania,35
female,2010,Argentina,566
female,2010,Armenia,19
female,2010,Aruba,1
female,2010,Australia,553
female,2010,Austria,294
female,2010,Bahamas,4
female,2010,Bahrain,4
female,2010,Barbados,0
female,2010,Belarus,390
female,2010,Belgium,563
female,2010,Belize,2
female,2010,Brazil,2073
female,2010,Bulgaria,210
female,2010,Canada,970
female,2010,Chile,383
female,2010,Colombia,397
female,2010,Costa Rica,43
female,2010,Croatia,192
female,2010,Cuba,329
female,2010,Cyprus,8
female,2010,Czech Republic,257
female,2010,Denmark,158
female,2010,Ecuador,254
female,2010,El Salvador,95
female,2010,Estonia,42
female,2010,Finland,236
female,2010,France,2738
female,2010,Georgia,16
female,2010,Germany,2559
female,2010,Greece,41
female,2010,Grenada,0
female,2010,Guatemala,82
female,2010,Guyana,49
female,2010,Hungary,547
female,2010,Iceland,10
female,2010,Ireland,100
female,2010,Israel,86
female,2010,Italy,861
female,2010,Jamaica,0
female,2010,Japan,8506
female,2010,Kazakhstan,645
female,2010,Kuwait,13
female,2010,Kyrgyzstan,105
female,2010,Latvia,62
female,2010,Lithuania,189
female,2010,Luxembourg,11
female,2010,Maldives,0
female,2010,Malta,2
female,2010,Mauritius,22
female,2010,Mexico,900
female,2010,Netherlands,477
female,2010,New Zealand,149
female,2010,Nicaragua,77
female,2010,Norway,164
female,2010,Oman,0
female,2010,Panama,21
female,2010,Paraguay,63
female,2010,Philippines,487
female,2010,Poland,840
female,2010,Portugal,265
female,2010,Puerto Rico,45
female,2010,Qatar,1
female,2010,Republic of Korea,5237
female,2010,Romania,462
female,2010,Russian Federation,5795
female,2010,Saint Lucia,1
female,2010,Saint Vincent and Grenadines,0
female,2010,Serbia,304
female,2010,Seychelles,0
female,2010,Singapore,99
female,2010,Slovakia,92
female,2010,Slovenia,78
female,2010,South Africa,94
female,2010,Spain,690
female,2010,Suriname,42
female,2010,Sweden,303
female,2010,Switzerland,282
female,2010,Thailand,848
female,2010,Trinidad and Tobago,31
female,2010,Turkey,376
female,2010,Turkmenistan,47
female,2010,Ukraine,1579
female,2010,United Arab Emirates,22
female,2010,United Kingdom,963
female,2010,United States,8087
female,2010,Uruguay,126
female,2010,Uzbekistan,453
female,2011,Argentina,583
female,2011,Armenia,16
female,2011,Aruba,2
female,2011,Australia,580
female,2011,Austria,313
female,2011,Bahamas,1
female,2011,Bahrain,6
female,2011,Barbados,0
female,2011,Belarus,380
female,2011,Belgium,600
female,2011,Belize,5
female,2011,Bosnia and Herzegovina,0
female,2011,Brazil,2088
female,2011,Bulgaria,158
female,2011,Cabo Verde,5
female,2011,Canada,947
female,2011,Chile,370
female,2011,Colombia,382
female,2011,Costa Rica,53
female,2011,Croatia,182
female,2011,Cuba,315
female,2011,Cyprus,5
female,2011,Czech Republic,253
female,2011,Denmark,152
female,2011,Ecuador,264
female,2011,El Salvador,118
female,2011,Estonia,40
female,2011,Fiji,8
female,2011,Finland,202
female,2011,France,2618
female,2011,Georgia,15
female,2011,Germany,2502
female,2011,Greece,84
female,2011,Grenada,0
female,2011,Guatemala,108
female,2011,Guyana,39
female,2011,Hungary,574
female,2011,Iceland,5
female,2011,Ireland,96
female,2011,Israel,87
female,2011,Italy,863
female,2011,Jamaica,6
female,2011,Japan,8985
female,2011,Kazakhstan,608
female,2011,Kuwait,15
female,2011,Kyrgyzstan,108
female,2011,Latvia,75
female,2011,Lithuania,201
female,2011,Luxembourg,18
female,2011,Maldives,0
female,2011,Malta,0
female,2011,Mauritius,23
female,2011,Mexico,1071
female,2011,Netherlands,513
female,2011,New Zealand,116
female,2011,Nicaragua,93
female,2011,Norway,164
female,2011,Panama,19
female,2011,Paraguay,76
female,2011,Philippines,570
female,2011,Poland,760
female,2011,Portugal,223
female,2011,Puerto Rico,42
female,2011,Qatar,5
female,2011,Republic of Korea,5040
female,2011,Romania,394
female,2011,Russian Federation,5568
female,2011,Saint Lucia,0
female,2011,Saint Vincent and Grenadines,1
female,2011,Serbia,347
female,2011,Seychelles,0
female,2011,Singapore,111
female,2011,Slovenia,88
female,2011,South Africa,75
female,2011,Spain,745
female,2011,Suriname,32
female,2011,Sweden,323
female,2011,Switzerland,277
female,2011,Thailand,888
female,2011,Trinidad and Tobago,27
female,2011,Turkey,298
female,2011,Turkmenistan,39
female,2011,Ukraine,1664
female,2011,United Kingdom,960
female,2011,United States,8512
female,2011,Uzbekistan,517
female,2012,Antigua and Barbuda,0
female,2012,Argentina,628
female,2012,Armenia,20
female,2012,Australia,650
female,2012,Austria,289
female,2012,Bahamas,1
female,2012,Bahrain,1
female,2012,Barbados,0
female,2012,Belgium,541
female,2012,Belize,2
female,2012,Brazil,2254
female,2012,Bulgaria,199
female,2012,Canada,954
female,2012,Chile,331
female,2012,Colombia,387
female,2012,Costa Rica,42
female,2012,Croatia,180
female,2012,Cuba,296
female,2012,Cyprus,2
female,2012,Czech Republic,278
female,2012,Denmark,167
female,2012,Ecuador,265
female,2012,El Salvador,116
female,2012,Estonia,47
female,2012,Fiji,10
female,2012,Finland,218
female,2012,France,2417
female,2012,Georgia,13
female,2012,Germany,2607
female,2012,Greece,91
female,2012,Grenada,0
female,2012,Guatemala,110
female,2012,Guyana,50
female,2012,Hungary,546
female,2012,Iceland,11
female,2012,Ireland,96
female,2012,Israel,81
female,2012,Italy,933
female,2012,Japan,7936
female,2012,Kazakhstan,563
female,2012,Kuwait,19
female,2012,Kyrgyzstan,122
female,2012,Latvia,73
female,2012,Lithuania,174
female,2012,Luxembourg,12
female,2012,Malta,6
female,2012,Mauritius,26
female,2012,Mexico,1051
female,2012,Netherlands,570
female,2012,New Zealand,145
female,2012,Nicaragua,82
female,2012,Norway,146
female,2012,Panama,18
female,2012,Paraguay,88
female,2012,Poland,810
female,2012,Portugal,217
female,2012,Puerto Rico,44
female,2012,Qatar,5
female,2012,Republic of Korea,4538
female,2012,Romania,353
female,2012,Russian Federation,5454
female,2012,Saint Lucia,1
female,2012,Saint Vincent and Grenadines,3
female,2012,Serbia,311
female,2012,Seychelles,0
female,2012,Singapore,149
female,2012,Slovakia,72
female,2012,Slovenia,80
female,2012,South Africa,114
female,2012,Spain,815
female,2012,Suriname,33
female,2012,Sweden,335
female,2012,Switzerland,286
female,2012,Thailand,930
female,2012,Turkey,378
female,2012,Turkmenistan,33
female,2012,Ukraine,1697
female,2012,United Kingdom,932
female,2012,United States,8819
female,2012,Uruguay,123
female,2012,Uzbekistan,615
female,2013,Antigua and Barbuda,0
female,2013,Argentina,589
female,2013,Armenia,24
female,2013,Australia,664
female,2013,Austria,324
female,2013,Bahamas,1
female,2013,Bahrain,0
female,2013,Barbados,0
female,2013,Belarus,334
female,2013,Belgium,532
female,2013,Belize,1
female,2013,Brazil,2223
female,2013,Bulgaria,148
female,2013,Canada,1013
female,2013,Chile,318
female,2013,Colombia,405
female,2013,Costa Rica,39
female,2013,Croatia,146
female,2013,Cuba,298
female,2013,Cyprus,5
female,2013,Czech Republic,283
female,2013,Denmark,160
female,2013,Ecuador,186
female,2013,El Salvador,98
female,2013,Estonia,47
female,2013,Finland,221
female,2013,France,2375
female,2013,Georgia,23
female,2013,Germany,2635
female,2013,Greece,108
female,2013,Grenada,0
female,2013,Guatemala,124
female,2013,Guyana,50
female,2013,Hungary,505
female,2013,Iceland,14
female,2013,Ireland,96
female,2013,Israel,81
female,2013,Italy,968
female,2013,Japan,7910
female,2013,Kazakhstan,675
female,2013,Kuwait,13
female,2013,Kyrgyzstan,97
female,2013,Latvia,61
female,2013,Lithuania,198
female,2013,Luxembourg,16
female,2013,Malta,1
female,2013,Mauritius,15
female,2013,Mexico,1043
female,2013,Netherlands,549
female,2013,New Zealand,147
female,2013,Nicaragua,75
female,2013,Norway,176
female,2013,Panama,13
female,2013,Paraguay,76
female,2013,Poland,840
female,2013,Portugal,241
female,2013,Puerto Rico,37
female,2013,Qatar,1
female,2013,Republic of Korea,4367
female,2013,Romania,364
female,2013,Russian Federation,4976
female,2013,Saint Lucia,1
female,2013,Saint Vincent and Grenadines,0
female,2013,Serbia,296
female,2013,Seychelles,0
female,2013,Singapore,112
female,2013,Slovakia,83
female,2013,Slovenia,86
female,2013,South Africa,120
female,2013,Spain,960
female,2013,Suriname,34
female,2013,Sweden,368
female,2013,Switzerland,285
female,2013,Thailand,856
female,2013,Turkey,463
female,2013,Turkmenistan,28
female,2013,United Kingdom,993
female,2013,United States,9094
female,2013,Uruguay,123
female,2013,Uzbekistan,628
female,2014,Antigua and Barbuda,0
female,2014,Argentina,687
female,2014,Armenia,15
female,2014,Australia,709
female,2014,Austria,324
female,2014,Bahrain,1
female,2014,Belarus,276
female,2014,Belgium,561
female,2014,Belize,6
female,2014,Bosnia and Herzegovina,70
female,2014,Brazil,2233
female,2014,Bulgaria,172
female,2014,Chile,314
female,2014,Colombia,371
female,2014,Costa Rica,45
female,2014,Croatia,186
female,2014,Cuba,307
female,2014,Cyprus,13
female,2014,Czech Republic,293
female,2014,Denmark,160
female,2014,Ecuador,167
female,2014,El Salvador,108
female,2014,Estonia,48
female,2014,Finland,190
female,2014,France,2220
female,2014,Georgia,36
female,2014,Germany,2588
female,2014,Greece,115
female,2014,Grenada,0
female,2014,Guatemala,156
female,2014,Hungary,447
female,2014,Iceland,11
female,2014,Ireland,87
female,2014,Israel,88
female,2014,Italy,932
female,2014,Japan,7537
female,2014,Kazakhstan,563
female,2014,Kuwait,18
female,2014,Kyrgyzstan,103
female,2014,Latvia,71
female,2014,Lithuania,161
female,2014,Luxembourg,15
female,2014,Malta,5
female,2014,Mauritius,24
female,2014,Mexico,1228
female,2014,Netherlands,589
female,2014,Nicaragua,70
female,2014,Norway,147
female,2014,Oman,0
female,2014,Panama,20
female,2014,Paraguay,110
female,2014,Poland,811
female,2014,Portugal,298
female,2014,Puerto Rico,32
female,2014,Qatar,3
female,2014,Republic of Korea,4099
female,2014,Romania,322
female,2014,Russian Federation,4655
female,2014,Saint Lucia,3
female,2014,Saint Vincent and Grenadines,0
female,2014,Serbia,277
female,2014,Seychelles,2
female,2014,Singapore,105
female,2014,Slovakia,83
female,2014,Slovenia,63
female,2014,South Africa,121
female,2014,Spain,973
female,2014,Suriname,36
female,2014,Sweden,363
female,2014,Switzerland,276
female,2014,Thailand,878
female,2014,Turkey,408
female,2014,Turkmenistan,44
female,2014,Ukraine,1556
female,2014,United Kingdom,1071
female,2014,United States,9659
female,2014,Uruguay,131
female,2014,Uzbekistan,690
female,2015,Antigua and Barbuda,1
female,2015,Argentina,604
female,2015,Armenia,19
female,2015,Australia,735
female,2015,Austria,290
female,2015,Belgium,552
female,2015,Belize,4
female,2015,Brazil,2397
female,2015,Chile,378
female,2015,Colombia,482
female,2015,Croatia,197
female,2015,Cuba,300
female,2015,Cyprus,9
female,2015,Czech Republic,254
female,2015,Denmark,174
female,2015,Ecuador,266
female,2015,Estonia,36
female,2015,Finland,173
female,2015,Georgia,48
female,2015,Germany,2685
female,2015,Greece,107
female,2015,Grenada,0
female,2015,Guatemala,144
female,2015,Hungary,479
female,2015,Iceland,11
female,2015,Israel,73
female,2015,Italy,883
female,2015,Japan,6946
female,2015,Kazakhstan,530
female,2015,Kyrgyzstan,90
female,2015,Latvia,81
female,2015,Lithuania,169
female,2015,Luxembourg,19
female,2015,Malta,7
female,2015,Mauritius,26
female,2015,Mexico,1248
female,2015,Netherlands,591
female,2015,Nicaragua,85
female,2015,Norway,190
female,2015,Panama,19
female,2015,Poland,723
female,2015,Puerto Rico,25
female,2015,Qatar,9
female,2015,Republic of Korea,3954
female,2015,Romania,342
female,2015,Russian Federation,4571
female,2015,Saint Vincent and Grenadines,1
female,2015,Serbia,269
female,2015,Seychelles,1
female,2015,Singapore,111
female,2015,Slovenia,90
female,2015,South Africa,105
female,2015,Spain,923
female,2015,Sweden,331
female,2015,Switzerland,280
female,2015,Thailand,839
female,2015,Turkey,397
female,2015,Turkmenistan,41
female,2015,Ukraine,1426
female,2015,United Kingdom,1178
female,2015,United States,10199
female,2015,Uruguay,131
male,2001,Albania,84
male,2001,Antigua and Barbuda,2
male,2001,Argentina,2456
male,2001,Armenia,48
male,2001,Aruba,4
male,2001,Australia,1936
male,2001,Austria,1081
male,2001,Azerbaijan,236
male,2001,Bahamas,1
male,2001,Bahrain,20
male,2001,Barbados,2
male,2001,Belarus,2813
male,2001,Belgium,1582
male,2001,Belize,17
male,2001,Brazil,6153
male,2001,Bulgaria,951
male,2001,Canada,2871
male,2001,Chile,1392
male,2001,Colombia,1855
male,2001,Costa Rica,170
male,2001,Croatia,656
male,2001,Cuba,1203
male,2001,Czech Republic,1294
male,2001,Denmark,507
male,2001,Ecuador,399
male,2001,El Salvador,362
male,2001,Estonia,315
male,2001,Fiji,28
male,2001,Finland,933
male,2001,France,7660
male,2001,Georgia,73
male,2001,Germany,8196
male,2001,Greece,286
male,2001,Grenada,0
male,2001,Guatemala,150
male,2001,Guyana,154
male,2001,Hungary,2282
male,2001,Iceland,28
male,2001,Ireland,409
male,2001,Israel,323
male,2001,Italy,3050
male,2001,Jamaica,4
male,2001,Japan,20868
male,2001,Kazakhstan,3719
male,2001,Kiribati,0
male,2001,Kuwait,25
male,2001,Kyrgyzstan,483
male,2001,Latvia,571
male,2001,Lithuania,1255
male,2001,Luxembourg,50
male,2001,Maldives,2
male,2001,Malta,23
male,2001,Mauritius,76
male,2001,Mexico,3088
male,2001,Montenegro,0
male,2001,Netherlands,1010
male,2001,New Zealand,389
male,2001,Norway,411
male,2001,Panama,139
male,2001,Paraguay,98
male,2001,Philippines,927
male,2001,Poland,5005
male,2001,Portugal,586
male,2001,Puerto Rico,255
male,2001,Qatar,18
male,2001,Republic of Korea,4852
male,2001,Romania,2278
male,2001,Russian Federation,47952
male,2001,Saint Lucia,7
male,2001,Saint Vincent and Grenadines,7
male,2001,Serbia,1025
male,2001,Seychelles,5
male,2001,Singapore,190
male,2001,Slovakia,580
male,2001,Slovenia,459
male,2001,South Africa,312
male,2001,Spain,2430
male,2001,Sri Lanka,3582
male,2001,Suriname,56
male,2001,Sweden,833
male,2001,Switzerland,945
male,2001,Trinidad and Tobago,141
male,2001,Turkmenistan,367
male,2001,Ukraine,10939
male,2001,United Kingdom,3199
male,2001,United States,24658
male,2001,Uruguay,390
male,2001,Uzbekistan,1462
male,2002,Albania,91
male,2002,Antigua and Barbuda,0
male,2002,Argentina,2459
male,2002,Armenia,62
male,2002,Aruba,9
male,2002,Australia,1813
male,2002,Austria,1190
male,2002,Azerbaijan,73
male,2002,Bahamas,3
male,2002,Bahrain,18
male,2002,Barbados,0
male,2002,Belarus,2780
male,2002,Belgium,1497
male,2002,Belize,9
male,2002,Brazil,6003
male,2002,Bulgaria,981
male,2002,Canada,2851
male,2002,Chile,1357
male,2002,Colombia,1815
male,2002,Costa Rica,236
male,2002,Croatia,644
male,2002,Cuba,1147
male,2002,Czech Republic,1216
male,2002,Denmark,503
male,2002,Ecuador,397
male,2002,El Salvador,304
male,2002,Estonia,299
male,2002,Fiji,26
male,2002,Finland,824
male,2002,France,7728
male,2002,Germany,8117
male,2002,Greece,257
male,2002,Grenada,0
male,2002,Guatemala,194
male,2002,Guyana,142
male,2002,Hungary,2192
male,2002,Iceland,20
male,2002,Ireland,368
male,2002,Israel,291
male,2002,Italy,3145
male,2002,Jamaica,2
male,2002,Japan,21467
male,2002,Kazakhstan,3562
male,2002,Kuwait,34
male,2002,Kyrgyzstan,467
male,2002,Latvia,521
male,2002,Lithuania,1309
male,2002,Luxembourg,63
male,2002,Maldives,2
male,2002,Malta,11
male,2002,Mauritius,102
male,2002,Mexico,3170
male,2002,Montenegro,0
male,2002,Netherlands,1063
male,2002,New Zealand,354
male,2002,Norway,362
male,2002,Panama,130
male,2002,Paraguay,111
male,2002,Philippines,999
male,2002,Poland,4933
male,2002,Portugal,947
male,2002,Puerto Rico,202
male,2002,Republic of Korea,5939
male,2002,Romania,2539
male,2002,Russian Federation,45967
male,2002,Saint Lucia,8
male,2002,Saint Vincent and Grenadines,6
male,2002,Serbia,1051
male,2002,Seychelles,5
male,2002,Singapore,192
male,2002,Slovakia,617
male,2002,Slovenia,433
male,2002,South Africa,189
male,2002,Spain,2555
male,2002,Sri Lanka,3465
male,2002,Suriname,48
male,2002,Sweden,862
male,2002,Switzerland,980
male,2002,Thailand,3712
male,2002,Trinidad and Tobago,129
male,2002,Turkmenistan,336
male,2002,Ukraine,10367
male,2002,United Kingdom,3164
male,2002,United States,25399
male,2002,Uruguay,534
male,2002,Uzbekistan,1177
male,2003,Albania,73
male,2003,Antigua and Barbuda,1
male,2003,Argentina,2605
male,2003,Armenia,50
male,2003,Aruba,2
male,2003,Australia,1685
male,2003,Austria,1068
male,2003,Azerbaijan,93
male,2003,Bahamas,1
male,2003,Bahrain,29
male,2003,Barbados,0
male,2003,Belarus,2916
male,2003,Belgium,1537
male,2003,Belize,8
male,2003,Brazil,6234
male,2003,Bulgaria,800
male,2003,Canada,2903
male,2003,Chile,1402
male,2003,Colombia,1692
male,2003,Costa Rica,262
male,2003,Croatia,672
male,2003,Cuba,1126
male,2003,Czech Republic,1365
male,2003,Denmark,480
male,2003,Ecuador,453
male,2003,El Salvador,388
male,2003,Estonia,276
male,2003,Fiji,6
male,2003,Finland,815
male,2003,France,8038
male,2003,Germany,8182
male,2003,Greece,306
male,2003,Grenada,4
male,2003,Guatemala,200
male,2003,Guyana,153
male,2003,Hungary,2160
male,2003,Iceland,20
male,2003,Ireland,358
male,2003,Israel,345
male,2003,Italy,3078
male,2003,Jamaica,1
male,2003,Japan,23190
male,2003,Kazakhstan,3633
male,2003,Kuwait,30
male,2003,Kyrgyzstan,397
male,2003,Latvia,482
male,2003,Lithuania,1199
male,2003,Luxembourg,40
male,2003,Maldives,3
male,2003,Malta,17
male,2003,Mauritius,64
male,2003,Mexico,3376
male,2003,Montenegro,0
male,2003,Netherlands,1018
male,2003,New Zealand,378
male,2003,Norway,374
male,2003,Panama,174
male,2003,Paraguay,129
male,2003,Philippines,1142
male,2003,Poland,4948
male,2003,Portugal,889
male,2003,Puerto Rico,240
male,2003,Republic of Korea,7514
male,2003,Romania,2386
male,2003,Russian Federation,42995
male,2003,Saint Lucia,6
male,2003,Saint Vincent and Grenadines,4
male,2003,Serbia,997
male,2003,Seychelles,6
male,2003,Singapore,201
male,2003,Slovakia,648
male,2003,Slovenia,440
male,2003,South Africa,193
male,2003,Spain,2650
male,2003,Sri Lanka,3533
male,2003,Suriname,58
male,2003,Sweden,776
male,2003,Switzerland,848
male,2003,Thailand,3425
male,2003,Trinidad and Tobago,109
male,2003,Turkmenistan,295
male,2003,Ukraine,10163
male,2003,United Kingdom,3050
male,2003,United States,25196
male,2003,Uruguay,412
male,2003,Uzbekistan,1037
male,2004,Albania,89
male,2004,Antigua and Barbuda,2
male,2004,Argentina,2467
male,2004,Aruba,7
male,2004,Australia,1672
male,2004,Austria,1076
male,2004,Azerbaijan,78
male,2004,Bahamas,2
male,2004,Bahrain,35
male,2004,Barbados,3
male,2004,Belgium,1450
male,2004,Belize,19
male,2004,Brazil,6292
male,2004,Bulgaria,746
male,2004,Canada,2734
male,2004,Chile,1472
male,2004,Colombia,1743
male,2004,Costa Rica,281
male,2004,Croatia,645
male,2004,Cuba,1144
male,2004,Cyprus,5
male,2004,Czech Republic,1286
male,2004,Denmark,469
male,2004,Ecuador,555
male,2004,El Salvador,349
male,2004,Estonia,264
male,2004,Fiji,16
male,2004,Finland,812
male,2004,France,7855
male,2004,Georgia,147
male,2004,Germany,7946
male,2004,Greece,285
male,2004,Grenada,1
male,2004,Guatemala,184
male,2004,Guyana,138
male,2004,Hungary,2087
male,2004,Iceland,26
male,2004,Ireland,390
male,2004,Israel,320
male,2004,Italy,3046
male,2004,Jamaica,1
male,2004,Japan,21764
male,2004,Kazakhstan,3702
male,2004,Kuwait,28
male,2004,Kyrgyzstan,363
male,2004,Latvia,457
male,2004,Lithuania,1124
male,2004,Luxembourg,45
male,2004,Maldives,0
male,2004,Malta,14
male,2004,Mauritius,75
male,2004,Mexico,3381
male,2004,Montenegro,0
male,2004,Netherlands,1022
male,2004,New Zealand,382
male,2004,Norway,359
male,2004,Panama,152
male,2004,Paraguay,157
male,2004,Poland,5162
male,2004,Puerto Rico,256
male,2004,Qatar,20
male,2004,Republic of Korea,7879
male,2004,Romania,2276
male,2004,Russian Federation,40894
male,2004,Saint Lucia,8
male,2004,Saint Vincent and Grenadines,4
male,2004,Serbia,978
male,2004,Seychelles,6
male,2004,Singapore,205
male,2004,Slovakia,564
male,2004,Slovenia,370
male,2004,South Africa,294
male,2004,Spain,2651
male,2004,Suriname,49
male,2004,Sweden,834
male,2004,Switzerland,857
male,2004,Thailand,3253
male,2004,Trinidad and Tobago,143
male,2004,Turkmenistan,299
male,2004,Ukraine,9391
male,2004,United Kingdom,3162
male,2004,United States,25555
male,2004,Uruguay,412
male,2004,Uzbekistan,943
male,2005,Albania,0
male,2005,Antigua and Barbuda,0
male,2005,Argentina,2394
male,2005,Aruba,5
male,2005,Austria,1049
male,2005,Bahamas,3
male,2005,Bahrain,35
male,2005,Barbados,1
male,2005,Belgium,1477
male,2005,Belize,11
male,2005,Brazil,6725
male,2005,Bulgaria,727
male,2005,Canada,2857
male,2005,Chile,1403
male,2005,Colombia,1637
male,2005,Costa Rica,231
male,2005,Croatia,651
male,2005,Cuba,1046
male,2005,Cyprus,12
male,2005,Czech Republic,1273
male,2005,Denmark,457
male,2005,Ecuador,683
male,2005,El Salvador,337
male,2005,Estonia,220
male,2005,Fiji,16
male,2005,Finland,724
male,2005,France,7829
male,2005,Georgia,69
male,2005,Germany,7531
male,2005,Greece,321
male,2005,Grenada,5
male,2005,Guatemala,177
male,2005,Guyana,127
male,2005,Hungary,2026
male,2005,Iceland,24
male,2005,Ireland,363
male,2005,Israel,304
male,2005,Italy,2803
male,2005,Jamaica,43
male,2005,Japan,22070
male,2005,Kazakhstan,3269
male,2005,Kuwait,41
male,2005,Kyrgyzstan,386
male,2005,Latvia,445
male,2005,Lithuania,1084
male,2005,Luxembourg,39
male,2005,Maldives,1
male,2005,Malta,16
male,2005,Mauritius,79
male,2005,Mexico,3544
male,2005,Montenegro,82
male,2005,Netherlands,1074
male,2005,New Zealand,382
male,2005,Norway,360
male,2005,Panama,148
male,2005,Paraguay,155
male,2005,Poland,5138
male,2005,Puerto Rico,248
male,2005,Qatar,16
male,2005,Republic of Korea,8026
male,2005,Romania,2133
male,2005,Russian Federation,38338
male,2005,Saint Lucia,4
male,2005,Saint Vincent and Grenadines,7
male,2005,San Marino,1
male,2005,Serbia,1006
male,2005,Seychelles,4
male,2005,Singapore,240
male,2005,Slovakia,584
male,2005,Slovenia,391
male,2005,South Africa,357
male,2005,Spain,2570
male,2005,Suriname,60
male,2005,Sweden,835
male,2005,Switzerland,899
male,2005,Thailand,3030
male,2005,Trinidad and Tobago,110
male,2005,Turkmenistan,374
male,2005,Ukraine,8860
male,2005,United Arab Emirates,80
male,2005,United Kingdom,3054
male,2005,United States,25900
male,2005,Uruguay,383
male,2005,Uzbekistan,921
male,2006,Albania,0
male,2006,Antigua and Barbuda,0
male,2006,Argentina,2496
male,2006,Armenia,61
male,2006,Aruba,7
male,2006,Australia,1623
male,2006,Austria,1000
male,2006,Bahamas,2
male,2006,Bahrain,17
male,2006,Barbados,9
male,2006,Belgium,1395
male,2006,Belize,9
male,2006,Brazil,6817
male,2006,Bulgaria,752
male,2006,Canada,2695
male,2006,Chile,1498
male,2006,Colombia,1717
male,2006,Costa Rica,295
male,2006,Croatia,573
male,2006,Cuba,1103
male,2006,Cyprus,12
male,2006,Czech Republic,1142
male,2006,Denmark,472
male,2006,Ecuador,602
male,2006,El Salvador,293
male,2006,Estonia,191
male,2006,Fiji,15
male,2006,Finland,803
male,2006,France,7593
male,2006,Georgia,59
male,2006,Germany,7231
male,2006,Greece,326
male,2006,Grenada,1
male,2006,Guatemala,227
male,2006,Guyana,151
male,2006,Hungary,1861
male,2006,Iceland,22
male,2006,Ireland,372
male,2006,Israel,279
male,2006,Italy,2841
male,2006,Jamaica,0
male,2006,Japan,21283
male,2006,Kazakhstan,3401
male,2006,Kuwait,34
male,2006,Kyrgyzstan,366
male,2006,Latvia,407
male,2006,Lithuania,853
male,2006,Luxembourg,47
male,2006,Malta,21
male,2006,Mauritius,89
male,2006,Mexico,3521
male,2006,Montenegro,0
male,2006,Netherlands,1046
male,2006,New Zealand,388
male,2006,Norway,391
male,2006,Panama,172
male,2006,Paraguay,182
male,2006,Philippines,1386
male,2006,Poland,4947
male,2006,Puerto Rico,243
male,2006,Qatar,24
male,2006,Republic of Korea,7227
male,2006,Romania,2240
male,2006,Russian Federation,35387
male,2006,Saint Lucia,2
male,2006,Saint Vincent and Grenadines,5
male,2006,Serbia,1021
male,2006,Seychelles,8
male,2006,Singapore,231
male,2006,Slovakia,0
male,2006,Slovenia,415
male,2006,South Africa,417
male,2006,Spain,2512
male,2006,Sri Lanka,3117
male,2006,Suriname,84
male,2006,Sweden,817
male,2006,Switzerland,863
male,2006,Thailand,2852
male,2006,Trinidad and Tobago,115
male,2006,Turkmenistan,392
male,2006,Ukraine,8300
male,2006,United Arab Emirates,76
male,2006,United Kingdom,3186
male,2006,United States,26300
male,2006,Uruguay,392
male,2007,Albania,77
male,2007,Antigua and Barbuda,1
male,2007,Argentina,2346
male,2007,Armenia,51
male,2007,Aruba,7
male,2007,Australia,1699
male,2007,Austria,968
male,2007,Azerbaijan,41
male,2007,Bahamas,4
male,2007,Bahrain,34
male,2007,Barbados,0
male,2007,Belarus,2203
male,2007,Belgium,1320
male,2007,Belize,6
male,2007,Brazil,6984
male,2007,Bulgaria,663
male,2007,Canada,2727
male,2007,Chile,1496
male,2007,Colombia,1727
male,2007,Costa Rica,226
male,2007,Croatia,577
male,2007,Cuba,1041
male,2007,Cyprus,15
male,2007,Czech Republic,1149
male,2007,Denmark,401
male,2007,Ecuador,731
male,2007,El Salvador,389
male,2007,Estonia,205
male,2007,Fiji,10
male,2007,Finland,751
male,2007,France,7419
male,2007,Georgia,84
male,2007,Germany,7012
male,2007,Greece,268
male,2007,Grenada,2
male,2007,Guatemala,263
male,2007,Guyana,143
male,2007,Hungary,1879
male,2007,Iceland,30
male,2007,Ireland,362
male,2007,Israel,263
male,2007,Italy,2893
male,2007,Japan,21867
male,2007,Kazakhstan,3420
male,2007,Kuwait,37
male,2007,Kyrgyzstan,366
male,2007,Latvia,358
male,2007,Lithuania,848
male,2007,Luxembourg,53
male,2007,Maldives,3
male,2007,Malta,25
male,2007,Mauritius,97
male,2007,Mexico,3523
male,2007,Montenegro,89
male,2007,Netherlands,944
male,2007,New Zealand,376
male,2007,Norway,336
male,2007,Panama,150
male,2007,Paraguay,159
male,2007,Philippines,1292
male,2007,Poland,4472
male,2007,Portugal,751
male,2007,Puerto Rico,228
male,2007,Qatar,37
male,2007,Republic of Korea,7747
male,2007,Romania,1984
male,2007,Russian Federation,33808
male,2007,Saint Vincent and Grenadines,11
male,2007,Serbia,968
male,2007,Seychelles,5
male,2007,Singapore,197
male,2007,Slovakia,0
male,2007,Slovenia,335
male,2007,South Africa,313
male,2007,Spain,2463
male,2007,Suriname,87
male,2007,Sweden,801
male,2007,Switzerland,920
male,2007,Thailand,2943
male,2007,Trinidad and Tobago,111
male,2007,Turkmenistan,269
male,2007,Ukraine,8403
male,2007,United Arab Emirates,88
male,2007,United Kingdom,3025
male,2007,United States,27267
male,2007,Uruguay,441
male,2008,Albania,99
male,2008,Antigua and Barbuda,0
male,2008,Argentina,2448
male,2008,Armenia,44
male,2008,Aruba,3
male,2008,Australia,1833
male,2008,Austria,963
male,2008,Bahamas,4
male,2008,Bahrain,35
male,2008,Barbados,0
male,2008,Belarus,2187
male,2008,Belgium,1452
male,2008,Belize,10
male,2008,Brazil,7266
male,2008,Bulgaria,694
male,2008,Canada,2777
male,2008,Chile,1674
male,2008,Colombia,1772
male,2008,Costa Rica,227
male,2008,Croatia,609
male,2008,Cuba,1067
male,2008,Cyprus,31
male,2008,Czech Republic,1123
male,2008,Denmark,418
male,2008,Ecuador,673
male,2008,El Salvador,374
male,2008,Estonia,189
male,2008,Fiji,25
male,2008,Finland,801
male,2008,France,7619
male,2008,Germany,7045
male,2008,Greece,308
male,2008,Grenada,0
male,2008,Guatemala,371
male,2008,Guyana,124
male,2008,Hungary,1910
male,2008,Iceland,27
male,2008,Ireland,386
male,2008,Israel,294
male,2008,Italy,2997
male,2008,Japan,21405
male,2008,Kazakhstan,3230
male,2008,Kuwait,33
male,2008,Kyrgyzstan,379
male,2008,Latvia,427
male,2008,Lithuania,918
male,2008,Luxembourg,35
male,2008,Maldives,0
male,2008,Malta,12
male,2008,Mauritius,72
male,2008,Mexico,3782
male,2008,Montenegro,80
male,2008,Netherlands,991
male,2008,New Zealand,381
male,2008,Norway,347
male,2008,Panama,154
male,2008,Paraguay,160
male,2008,Philippines,1411
male,2008,Poland,4870
male,2008,Portugal,794
male,2008,Puerto Rico,253
male,2008,Qatar,31
male,2008,Republic of Korea,8260
male,2008,Romania,2026
male,2008,Russian Federation,31286
male,2008,Saint Lucia,0
male,2008,Saint Vincent and Grenadines,3
male,2008,Serbia,903
male,2008,Seychelles,4
male,2008,Singapore,207
male,2008,Slovakia,508
male,2008,Slovenia,324
male,2008,South Africa,346
male,2008,Spain,2676
male,2008,Suriname,113
male,2008,Sweden,855
male,2008,Switzerland,861
male,2008,Thailand,2906
male,2008,Trinidad and Tobago,163
male,2008,Turkmenistan,370
male,2008,Ukraine,7779
male,2008,United Arab Emirates,82
male,2008,United Kingdom,3300
male,2008,United States,28447
male,2008,Uruguay,411
male,2009,Albania,0
male,2009,Antigua and Barbuda,0
male,2009,Argentina,2300
male,2009,Armenia,43
male,2009,Aruba,4
male,2009,Australia,1785
male,2009,Austria,972
male,2009,Bahamas,5
male,2009,Bahrain,30
male,2009,Barbados,5
male,2009,Belarus,2238
male,2009,Belgium,1459
male,2009,Belize,11
male,2009,Brazil,7473
male,2009,Bulgaria,662
male,2009,Canada,2989
male,2009,Chile,1724
male,2009,Colombia,1802
male,2009,Costa Rica,236
male,2009,Croatia,618
male,2009,Cuba,1141
male,2009,Cyprus,25
male,2009,Czech Republic,1230
male,2009,Denmark,477
male,2009,Ecuador,719
male,2009,El Salvador,393
male,2009,Estonia,220
male,2009,Fiji,19
male,2009,Finland,761
male,2009,France,7765
male,2009,Georgia,149
male,2009,Germany,7206
male,2009,Greece,333
male,2009,Grenada,0
male,2009,Guatemala,366
male,2009,Guyana,109
male,2009,Hungary,1901
male,2009,Iceland,29
male,2009,Ireland,422
male,2009,Israel,310
male,2009,Italy,3093
male,2009,Jamaica,33
male,2009,Japan,22015
male,2009,Kazakhstan,3120
male,2009,Kuwait,40
male,2009,Kyrgyzstan,362
male,2009,Latvia,416
male,2009,Lithuania,952
male,2009,Luxembourg,36
male,2009,Malta,33
male,2009,Mauritius,92
male,2009,Mexico,4057
male,2009,Montenegro,77
male,2009,Netherlands,1068
male,2009,New Zealand,394
male,2009,Norway,416
male,2009,Oman,13
male,2009,Panama,149
male,2009,Paraguay,213
male,2009,Philippines,1549
male,2009,Poland,5531
male,2009,Portugal,803
male,2009,Puerto Rico,301
male,2009,Qatar,41
male,2009,Republic of Korea,9927
male,2009,Romania,2197
male,2009,Russian Federation,30923
male,2009,Saint Lucia,13
male,2009,Saint Vincent and Grenadines,1
male,2009,Serbia,997
male,2009,Seychelles,4
male,2009,Singapore,235
male,2009,Slovakia,543
male,2009,Slovenia,350
male,2009,South Africa,280
male,2009,Spain,2666
male,2009,Suriname,99
male,2009,Sweden,888
male,2009,Switzerland,827
male,2009,Thailand,2926
male,2009,Trinidad and Tobago,107
male,2009,Turkey,801
male,2009,Turkmenistan,125
male,2009,Ukraine,7991
male,2009,United Arab Emirates,109
male,2009,United Kingdom,3313
male,2009,United States,29079
male,2009,Uruguay,408
male,2009,Uzbekistan,1023
male,2010,Albania,61
male,2010,Argentina,2377
male,2010,Armenia,54
male,2010,Aruba,6
male,2010,Australia,1867
male,2010,Austria,970
male,2010,Bahamas,6
male,2010,Bahrain,15
male,2010,Barbados,3
male,2010,Belarus,2069
male,2010,Belgium,1450
male,2010,Belize,13
male,2010,Brazil,7356
male,2010,Bulgaria,649
male,2010,Canada,2981
male,2010,Chile,1618
male,2010,Colombia,1710
male,2010,Costa Rica,268
male,2010,Croatia,584
male,2010,Cuba,1229
male,2010,Cyprus,30
male,2010,Czech Republic,1245
male,2010,Denmark,405
male,2010,Ecuador,658
male,2010,El Salvador,304
male,2010,Estonia,181
male,2010,Finland,718
male,2010,France,7641
male,2010,Georgia,96
male,2010,Germany,7471
male,2010,Greece,336
male,2010,Grenada,0
male,2010,Guatemala,270
male,2010,Guyana,156
male,2010,Hungary,1942
male,2010,Iceland,36
male,2010,Ireland,386
male,2010,Israel,394
male,2010,Italy,3128
male,2010,Jamaica,3
male,2010,Japan,20905
male,2010,Kazakhstan,2964
male,2010,Kuwait,26
male,2010,Kyrgyzstan,395
male,2010,Latvia,376
male,2010,Lithuania,829
male,2010,Luxembourg,43
male,2010,Maldives,1
male,2010,Malta,29
male,2010,Mauritius,76
male,2010,Mexico,3958
male,2010,Netherlands,1127
male,2010,New Zealand,387
male,2010,Nicaragua,274
male,2010,Norway,384
male,2010,Oman,13
male,2010,Panama,130
male,2010,Paraguay,160
male,2010,Philippines,1629
male,2010,Poland,5517
male,2010,Portugal,834
male,2010,Puerto Rico,241
male,2010,Qatar,46
male,2010,Republic of Korea,10321
male,2010,Romania,2304
male,2010,Russian Federation,27561
male,2010,Saint Lucia,3
male,2010,Saint Vincent and Grenadines,5
male,2010,Serbia,903
male,2010,Seychelles,6
male,2010,Singapore,197
male,2010,Slovakia,539
male,2010,Slovenia,336
male,2010,South Africa,299
male,2010,Spain,2468
male,2010,Suriname,94
male,2010,Sweden,838
male,2010,Switzerland,724
male,2010,Thailand,2913
male,2010,Trinidad and Tobago,129
male,2010,Turkey,1148
male,2010,Turkmenistan,131
male,2010,Ukraine,7510
male,2010,United Arab Emirates,89
male,2010,United Kingdom,3225
male,2010,United States,30275
male,2010,Uruguay,421
male,2010,Uzbekistan,1011
male,2011,Argentina,2329
male,2011,Armenia,51
male,2011,Aruba,7
male,2011,Australia,1812
male,2011,Austria,975
male,2011,Bahamas,3
male,2011,Bahrain,12
male,2011,Barbados,0
male,2011,Belarus,1792
male,2011,Belgium,1488
male,2011,Belize,28
male,2011,Bosnia and Herzegovina,5
male,2011,Brazil,7734
male,2011,Bulgaria,605
male,2011,Cabo Verde,37
male,2011,Canada,2781
male,2011,Chile,1657
male,2011,Colombia,1662
male,2011,Costa Rica,263
male,2011,Croatia,520
male,2011,Cuba,1214
male,2011,Cyprus,25
male,2011,Czech Republic,1337
male,2011,Denmark,437
male,2011,Ecuador,654
male,2011,El Salvador,367
male,2011,Estonia,178
male,2011,Fiji,30
male,2011,Finland,710
male,2011,France,7790
male,2011,Georgia,84
male,2011,Germany,7651
male,2011,Greece,393
male,2011,Grenada,1
male,2011,Guatemala,251
male,2011,Guyana,153
male,2011,Hungary,1846
male,2011,Iceland,22
male,2011,Ireland,458
male,2011,Israel,322
male,2011,Italy,3290
male,2011,Jamaica,44
male,2011,Japan,19781
male,2011,Kazakhstan,2793
male,2011,Kuwait,26
male,2011,Kyrgyzstan,363
male,2011,Latvia,365
male,2011,Lithuania,817
male,2011,Luxembourg,37
male,2011,Maldives,2
male,2011,Malta,20
male,2011,Mauritius,95
male,2011,Mexico,4487
male,2011,Netherlands,1137
male,2011,New Zealand,377
male,2011,Nicaragua,276
male,2011,Norway,434
male,2011,Panama,125
male,2011,Paraguay,222
male,2011,Philippines,1879
male,2011,Poland,5353
male,2011,Portugal,794
male,2011,Puerto Rico,216
male,2011,Qatar,45
male,2011,Republic of Korea,10866
male,2011,Romania,2142
male,2011,Russian Federation,25470
male,2011,Saint Lucia,8
male,2011,Saint Vincent and Grenadines,4
male,2011,Serbia,909
male,2011,Seychelles,5
male,2011,Singapore,197
male,2011,Slovenia,347
male,2011,South Africa,283
male,2011,Spain,2435
male,2011,Suriname,95
male,2011,Sweden,789
male,2011,Switzerland,757
male,2011,Thailand,2985
male,2011,Trinidad and Tobago,112
male,2011,Turkey,850
male,2011,Turkmenistan,91
male,2011,Ukraine,7309
male,2011,United Kingdom,3433
male,2011,United States,30996
male,2011,Uzbekistan,1123
male,2012,Antigua and Barbuda,0
male,2012,Argentina,2620
male,2012,Armenia,59
male,2012,Australia,1930
male,2012,Austria,987
male,2012,Bahamas,4
male,2012,Bahrain,18
male,2012,Barbados,0
male,2012,Belgium,1485
male,2012,Belize,16
male,2012,Brazil,8041
male,2012,Bulgaria,673
male,2012,Canada,2972
male,2012,Chile,1510
male,2012,Colombia,1732
male,2012,Costa Rica,260
male,2012,Croatia,596
male,2012,Cuba,1199
male,2012,Cyprus,34
male,2012,Czech Republic,1380
male,2012,Denmark,494
male,2012,Ecuador,711
male,2012,El Salvador,396
male,2012,Estonia,190
male,2012,Fiji,22
male,2012,Finland,655
male,2012,France,7326
male,2012,Georgia,91
male,2012,Germany,7289
male,2012,Greece,417
male,2012,Grenada,2
male,2012,Guatemala,310
male,2012,Guyana,156
male,2012,Hungary,1803
male,2012,Iceland,26
male,2012,Ireland,446
male,2012,Israel,349
male,2012,Italy,3324
male,2012,Japan,18402
male,2012,Kazakhstan,2677
male,2012,Kuwait,37
male,2012,Kyrgyzstan,402
male,2012,Latvia,371
male,2012,Lithuania,753
male,2012,Luxembourg,39
male,2012,Malta,19
male,2012,Mauritius,89
male,2012,Mexico,4330
male,2012,Netherlands,1186
male,2012,New Zealand,404
male,2012,Nicaragua,234
male,2012,Norway,369
male,2012,Panama,117
male,2012,Paraguay,187
male,2012,Poland,5558
male,2012,Portugal,859
male,2012,Puerto Rico,204
male,2012,Qatar,38
male,2012,Republic of Korea,9621
male,2012,Romania,2142
male,2012,Russian Federation,24189
male,2012,Saint Lucia,9
male,2012,Saint Vincent and Grenadines,7
male,2012,Serbia,932
male,2012,Seychelles,3
male,2012,Singapore,243
male,2012,Slovakia,499
male,2012,Slovenia,360
male,2012,South Africa,373
male,2012,Spain,2724
male,2012,Suriname,100
male,2012,Sweden,819
male,2012,Switzerland,752
male,2012,Thailand,3055
male,2012,Turkey,1072
male,2012,Turkmenistan,105
male,2012,Ukraine,7361
male,2012,United Kingdom,3512
male,2012,United States,31777
male,2012,Uruguay,476
male,2012,Uzbekistan,1220
male,2013,Antigua and Barbuda,0
male,2013,Argentina,2398
male,2013,Armenia,43
male,2013,Australia,1944
male,2013,Austria,967
male,2013,Bahamas,4
male,2013,Bahrain,5
male,2013,Barbados,0
male,2013,Belarus,1568
male,2013,Belgium,1363
male,2013,Belize,16
male,2013,Brazil,8290
male,2013,Bulgaria,573
male,2013,Canada,3041
male,2013,Chile,1420
male,2013,Colombia,1663
male,2013,Costa Rica,272
male,2013,Croatia,546
male,2013,Cuba,1201
male,2013,Cyprus,40
male,2013,Czech Republic,1294
male,2013,Denmark,450
male,2013,Ecuador,490
male,2013,El Salvador,386
male,2013,Estonia,171
male,2013,Finland,666
male,2013,France,7225
male,2013,Georgia,134
male,2013,Germany,7456
male,2013,Greece,425
male,2013,Grenada,0
male,2013,Guatemala,331
male,2013,Guyana,160
male,2013,Hungary,1587
male,2013,Iceland,35
male,2013,Ireland,391
male,2013,Israel,291
male,2013,Italy,3322
male,2013,Japan,18081
male,2013,Kazakhstan,2837
male,2013,Kuwait,28
male,2013,Kyrgyzstan,349
male,2013,Latvia,322
male,2013,Lithuania,887
male,2013,Luxembourg,24
male,2013,Malta,21
male,2013,Mauritius,83
male,2013,Mexico,4668
male,2013,Netherlands,1307
male,2013,New Zealand,366
male,2013,Nicaragua,276
male,2013,Norway,378
male,2013,Panama,117
male,2013,Paraguay,247
male,2013,Poland,5378
male,2013,Portugal,811
male,2013,Puerto Rico,204
male,2013,Qatar,36
male,2013,Republic of Korea,10059
male,2013,Romania,2043
male,2013,Russian Federation,23714
male,2013,Saint Lucia,13
male,2013,Saint Vincent and Grenadines,0
male,2013,Serbia,901
male,2013,Seychelles,9
male,2013,Singapore,245
male,2013,Slovakia,533
male,2013,Slovenia,360
male,2013,South Africa,467
male,2013,Spain,2913
male,2013,Suriname,97
male,2013,Sweden,862
male,2013,Switzerland,786
male,2013,Thailand,3105
male,2013,Turkey,1347
male,2013,Turkmenistan,73
male,2013,United Kingdom,3831
male,2013,United States,32049
male,2013,Uruguay,423
male,2013,Uzbekistan,1322
male,2014,Antigua and Barbuda,0
male,2014,Argentina,2544
male,2014,Armenia,43
male,2014,Australia,2182
male,2014,Austria,990
male,2014,Bahrain,8
male,2014,Belarus,1465
male,2014,Belgium,1338
male,2014,Belize,18
male,2014,Bosnia and Herzegovina,243
male,2014,Brazil,8398
male,2014,Bulgaria,552
male,2014,Chile,1475
male,2014,Colombia,1755
male,2014,Costa Rica,223
male,2014,Croatia,536
male,2014,Cuba,1146
male,2014,Cyprus,31
male,2014,Czech Republic,1196
male,2014,Denmark,469
male,2014,Ecuador,567
male,2014,El Salvador,278
male,2014,Estonia,193
male,2014,Finland,599
male,2014,France,6661
male,2014,Georgia,158
male,2014,Germany,7629
male,2014,Greece,450
male,2014,Grenada,0
male,2014,Guatemala,356
male,2014,Hungary,1478
male,2014,Iceland,33
male,2014,Ireland,399
male,2014,Israel,294
male,2014,Italy,3215
male,2014,Japan,16820
male,2014,Kazakhstan,2556
male,2014,Kuwait,50
male,2014,Kyrgyzstan,358
male,2014,Latvia,311
male,2014,Lithuania,769
male,2014,Luxembourg,52
male,2014,Malta,27
male,2014,Mauritius,96
male,2014,Mexico,4950
male,2014,Netherlands,1250
male,2014,Nicaragua,241
male,2014,Norway,401
male,2014,Oman,7
male,2014,Panama,127
male,2014,Paraguay,269
male,2014,Poland,5123
male,2014,Portugal,924
male,2014,Puerto Rico,188
male,2014,Qatar,52
male,2014,Republic of Korea,9735
male,2014,Romania,1887
male,2014,Russian Federation,21886
male,2014,Saint Lucia,11
male,2014,Saint Vincent and Grenadines,2
male,2014,Serbia,857
male,2014,Seychelles,2
male,2014,Singapore,250
male,2014,Slovakia,471
male,2014,Slovenia,325
male,2014,South Africa,459
male,2014,Spain,2938
male,2014,Suriname,92
male,2014,Sweden,785
male,2014,Switzerland,756
male,2014,Thailand,3074
male,2014,Turkey,1209
male,2014,Turkmenistan,92
male,2014,Ukraine,6412
male,2014,United Kingdom,3717
male,2014,United States,33110
male,2014,Uruguay,460
male,2014,Uzbekistan,1405
male,2015,Antigua and Barbuda,0
male,2015,Argentina,2469
male,2015,Armenia,55
male,2015,Australia,2292
male,2015,Austria,961
male,2015,Belgium,1315
male,2015,Belize,22
male,2015,Brazil,8766
male,2015,Chile,1460
male,2015,Colombia,1850
male,2015,Croatia,542
male,2015,Cuba,1211
male,2015,Cyprus,31
male,2015,Czech Republic,1133
male,2015,Denmark,390
male,2015,Ecuador,807
male,2015,Estonia,159
male,2015,Finland,558
male,2015,Georgia,144
male,2015,Germany,7403
male,2015,Greece,422
male,2015,Grenada,0
male,2015,Guatemala,350
male,2015,Hungary,1389
male,2015,Iceland,29
male,2015,Israel,269
male,2015,Italy,3105
male,2015,Japan,16146
male,2015,Kazakhstan,2342
male,2015,Kyrgyzstan,327
male,2015,Latvia,306
male,2015,Lithuania,727
male,2015,Luxembourg,45
male,2015,Malta,27
male,2015,Mauritius,78
male,2015,Mexico,4986
male,2015,Netherlands,1282
male,2015,Nicaragua,230
male,2015,Norway,400
male,2015,Panama,91
male,2015,Poland,4697
male,2015,Puerto Rico,201
male,2015,Qatar,57
male,2015,Republic of Korea,9556
male,2015,Romania,1886
male,2015,Russian Federation,20861
male,2015,Saint Vincent and Grenadines,2
male,2015,Serbia,793
male,2015,Seychelles,6
male,2015,Singapore,218
male,2015,Slovenia,332
male,2015,South Africa,377
male,2015,Spain,2681
male,2015,Sweden,851
male,2015,Switzerland,793
male,2015,Thailand,3366
male,2015,Turkey,1135
male,2015,Turkmenistan,92
male,2015,Ukraine,6148
male,2015,United Kingdom,3732
male,2015,United States,33990
male,2015,Uruguay,499
